Ticker,Date,Year,r_{ab},NASDAQ,TURNOVER,log(SIZE),BTM,PREFALPHA,HIV4 TONE,LM TONE,r_{ab} RF12,r_{ab} RFFin,r_{ab} FinNN
AAPL,2016-01-04 00:00:00,2016,0.015759,1,1.5867541785200323,27.09335806345521,0.2195624581067805,-0.0008975054569901,0.3215189873417721,0.0602409638554216,0.000422584,0.0002419314249999,0.0005027055740356
AAPL,2016-01-05 00:00:00,2016,-0.026456,1,1.5738383551084167,27.09335806345521,0.2195624581067805,-0.001059567394725,0.4921875,0.5,0.00055462,6.408749999999538e-05,0.002933494746685
AAPL,2016-01-06 00:00:00,2016,-0.005754,1,1.5597690163219788,27.067979411952912,0.2252059666313487,-0.0010066467403276,0.4363256784968685,0.0930232558139534,-0.0013962623333333,-0.0015875117,-0.0196711122989654
AAPL,2016-01-07 00:00:00,2016,-0.018273,1,1.5483367444093563,27.048215707107985,0.2297011452583502,-0.0009532018799378,0.2945736434108527,-0.3428571428571428,0.0004920410095238,0.002522281047619,-0.0250108428299427
AAPL,2016-01-08 00:00:00,2016,0.016235,1,1.53330512465951,27.005094645399822,0.2398227616216132,-0.0008718472665474,0.2101910828025477,-0.7560975609756098,-0.00011778025,-0.0111286961666666,-0.0116148348897695
AAPL,2016-01-11 00:00:00,2016,0.017925,1,1.54532790040297,27.026448309980612,0.2347559567650586,-0.0010169243345911,0.1548757170172084,-0.5724137931034483,-0.002787235,0.0008637860666666,0.0016845799982547
AAPL,2016-01-12 00:00:00,2016,0.0084289999999999,1,1.5484839709316285,27.026448309980612,0.2347559567650586,-0.0010138495020746,0.3234200743494423,0.0769230769230769,-0.0013509275,-0.00873881275,0.0014692544937133
AAPL,2016-01-13 00:00:00,2016,0.0001519999999999,1,1.5542904986723076,27.040857348843193,0.231397602494445,-0.0010429269552089,0.0,0.0,0.0,0.0,0.0
AAPL,2016-01-14 00:00:00,2016,0.00642,1,1.5540484104936296,27.014810781741403,0.2375038944291485,-0.0009556331050738,0.0,0.0,0.0,0.0,0.0
AAPL,2016-01-15 00:00:00,2016,-0.002322,1,1.5461233953933056,27.036445847295003,0.2324206683452034,-0.0009684628021459,0.1925465838509316,-0.5111111111111111,0.0024030441428571,0.0120010436666666,-0.0067439042031764
AAPL,2016-01-19 00:00:00,2016,-0.002424,1,1.557532124237296,27.00728695633882,0.2392975714583076,-0.0008418237344048,0.3826638477801268,-0.0943396226415094,-0.002634029,-0.0119541705833333,-0.0109148295596241
AAPL,2016-01-20 00:00:00,2016,0.011941,1,1.5602353352813008,27.00728695633882,0.2392975714583076,-0.0008237868100734,0.2733812949640288,-0.1764705882352941,9.71475999999971e-05,0.00016156775,0.0035082548856735
AAPL,2016-01-21 00:00:00,2016,-0.010723,1,1.5676875889494304,27.00863094465528,0.2389761743434722,-0.0008247461699591,0.4018691588785046,0.3529411764705882,0.0002729302142857,-0.0014154367999999,-0.001194778829813
AAPL,2016-01-22 00:00:00,2016,0.0306679999999999,1,1.5595348647499732,27.003555602529573,0.2401921433072237,-0.0008952273984224,0.3018867924528302,-0.1884057971014492,0.0017532379999999,-0.0023148966666666,-0.0043883118778467
AAPL,2016-01-25 00:00:00,2016,-0.0028339999999999,1,1.5622188449519108,27.035641723789386,0.2326076384312566,-0.000909853641358,0.3287292817679558,0.1314285714285714,-0.0018424246666666,-0.0051591399999999,-0.0015244074165821
AAPL,2016-01-26 00:00:00,2016,-0.0104019999999999,1,1.5660877288697816,27.035641723789386,0.2326076384312566,-0.0008644641234557,0.3416009019165727,-0.1188118811881188,-0.0074419364999999,-0.0008062398,-0.0074424715712666
AAPL,2016-01-27 00:00:00,2016,-0.05515,1,1.5674455575829598,27.0411574116587,0.2313281790945514,-0.0009312382655351,0.2832369942196532,-0.1219512195121951,-0.0039544179166666,-0.0098804778749999,-0.0127768516540527
AAPL,2016-01-28 00:00:00,2016,0.002132,1,1.5728090372170458,26.973192687509098,0.2475969234302869,-0.0007277239024293,0.3246073298429319,0.1011235955056179,-5.150850000000155e-05,-0.0009633448333333,-0.0031373845413327
AAPL,2016-01-29 00:00:00,2016,0.009973,1,1.5656434148429197,26.980338984132707,0.2458338296712113,-0.0007715112338967,0.3525179856115107,0.0,-0.0027010498888888,0.007762802,-0.000745516270399
AAPL,2016-02-01 00:00:00,2016,-0.009,1,1.5803018771655146,27.004904611722413,0.2398683403535403,-0.0009051598207086,0.4125,-0.217391304347826,-0.0035822203333333,-0.00526660625,0.0109076052904129
AAPL,2016-02-02 00:00:00,2016,-0.000177,1,1.6043568284576135,27.004904611722413,0.2398683403535403,-0.0012062711784177,0.3295238095238095,0.075268817204301,-0.0025919705,-0.0159171816666666,0.0036691389977931
AAPL,2016-02-03 00:00:00,2016,0.014058,1,1.6016481941022436,26.984475459455112,0.2448190443655019,-0.0011155002321896,0.2927536231884058,0.1343283582089552,-0.0016456041333333,-0.0006092396666666,0.0047748647630214
AAPL,2016-02-04 00:00:00,2016,0.004366,1,1.60496017843001,27.004074631058923,0.2400675090794794,-0.0011077333701003,0.2899408284023668,0.1232876712328767,0.0004269599999999,-0.0015466195,-0.010767363011837
AAPL,2016-02-05 00:00:00,2016,-0.007098,1,1.5994172320984283,27.006665977458006,0.2394462163443046,-0.0011151868908353,0.3148148148148148,-0.6153846153846154,0.0042441634999999,0.0020704329999999,0.0084879621863365
AAPL,2016-02-08 00:00:00,2016,0.027516,1,1.6042962873853632,26.99006942373831,0.2434533587350954,-0.0011421818515036,0.3429811866859624,-0.0077519379844961,-0.0020302294999999,0.0003086194999999,0.0079124495387077
AAPL,2016-02-09 00:00:00,2016,0.002859,1,1.606807097846673,26.99006942373831,0.2434533587350954,-0.0010472306198584,0.027027027027027,-0.125,0.0003877047499999,-0.0068506603999999,-0.0050667934119701
AAPL,2016-02-10 00:00:00,2016,-0.007852,1,1.6091157380095131,26.989858852448467,0.2435046284206327,-0.0009918937040609,0.3737373737373737,-0.0588235294117647,0.001620591845238,0.0012349693666666,-0.0164165049791336
AAPL,2016-02-11 00:00:00,2016,0.005947,1,1.6118994422123358,26.982250221833663,0.2453644314964039,-0.0009803752203029,0.3910761154855643,0.0117647058823529,-0.001707921,0.0007969033333333,0.0070252418518066
AAPL,2016-02-12 00:00:00,2016,-0.017062,1,1.6049647075352649,26.976185408710304,0.2468570425490054,-0.001009047068641,0.1636363636363636,-0.5294117647058824,1.9224616666665995e-05,-0.0018866241571428,0.0083936639130115
AAPL,2016-02-16 00:00:00,2016,0.010491,1,1.6144134844766505,27.007079979906162,0.2393471055420093,-0.0008635294963726,0.3943965517241379,0.1481481481481481,-0.0031861379999999,0.0053575552499999,-0.01174758374691
AAPL,2016-02-17 00:00:00,2016,-0.0028029999999999,1,1.613330873394807,27.007079979906162,0.2393471055420093,-0.0008224096289879,0.2993630573248407,-0.1150442477876106,-0.0029908208,-0.0013895033833333,-0.0128297451883554
AAPL,2016-02-18 00:00:00,2016,-0.01475,1,1.613558867997828,27.02227849941774,0.2357368883614267,-0.0009292983023393,0.271551724137931,-0.2941176470588235,-0.002376102,-0.0059556578333333,0.0142901763319969
AAPL,2016-02-19 00:00:00,2016,-0.002055,1,1.607175934060325,27.00314013810264,0.2402919553311334,-0.0009043001959829,0.4612794612794613,0.3333333333333333,-0.0003401881666666,0.0035607326666666,0.008551463484764
AAPL,2016-02-22 00:00:00,2016,-0.005573,1,1.6093673331249618,27.009560322929865,0.2387541782540445,-0.0008317574736193,0.3268186753528773,-0.2244897959183673,-0.0021726149999999,-0.000136185595238,-0.008324371650815
AAPL,2016-02-23 00:00:00,2016,-0.010804,1,1.6095476226075072,27.009560322929865,0.2387541782540445,-0.0008895621807425,0.3946360153256705,0.2121212121212121,-0.006289324,-0.0018702473333333,-0.0167231503874063
AAPL,2016-02-24 00:00:00,2016,0.0099239999999999,1,1.6109060679585825,26.986695675813937,0.2442760960726233,-0.000959400929958,0.2546583850931677,-0.0769230769230769,-8.718773809524576e-05,-0.0018945433333333,-0.0036156270653009
AAPL,2016-02-25 00:00:00,2016,-0.004186,1,1.6114343336550287,27.001476552133596,0.2406920343471467,-0.0009479097328413,0.2682926829268293,0.12,-0.0009650736833333,-0.002049076,0.0068727433681488
AAPL,2016-02-26 00:00:00,2016,0.001265,1,1.6050484070668616,27.008320959854828,0.2390502648080553,-0.0009051478050203,0.3371104815864023,0.0491803278688524,-0.000841134,-0.0011521326166666,0.0029711313545703
AAPL,2016-02-29 00:00:00,2016,0.003629,1,1.6071233290222189,27.007597261780667,0.2392233276393895,-0.0009714430733804,0.4260355029585799,0.0341880341880341,-0.002927388,-0.0017862042333333,-0.0086094234138727
AAPL,2016-03-01 00:00:00,2016,0.017284,1,1.6075230663874993,27.007597261780667,0.2392233276393895,-0.0009108088083547,0.3615023474178404,0.0654205607476635,0.0008802676666666,-0.000327903,-0.0041758306324481
AAPL,2016-03-02 00:00:00,2016,-0.003493,1,1.6070403929384771,27.046543430310034,0.2300855905138774,-0.0009149485048269,0.2395833333333333,-0.4311926605504587,0.0049266889833333,-0.0142269311607142,-0.0322915986180305
AAPL,2016-03-03 00:00:00,2016,0.001836,1,1.6022980927510688,27.048729452862172,0.2295831675781032,-0.0009843860456037,0.371007371007371,-0.1076923076923077,0.003415143,-0.0017621803,0.0081790406256914
AAPL,2016-03-04 00:00:00,2016,0.0106799999999999,1,1.596501305147745,27.05614605051722,0.227886740231467,-0.0009786029178723,0.1891891891891892,0.0909090909090909,-0.0001459715166666,0.002064735,-0.0057105664163827
AAPL,2016-03-07 00:00:00,2016,-0.014293,1,1.6040004478244805,27.05978476959899,0.2270590312148585,-0.0008201523145677,0.241025641025641,-0.0384615384615384,0.0002552023333333,0.0001456906999999,-0.0157590750604867
AAPL,2016-03-08 00:00:00,2016,0.00531,1,1.601116209099945,27.05978476959899,0.2270590312148585,-0.0008640698505167,0.3185185185185185,-0.1891891891891892,0.0002802156666666,-0.0024929351666666,-0.0063006673008203
AAPL,2016-03-09 00:00:00,2016,-0.004671,1,1.5997800489234266,27.051504742392442,0.2289468911508471,-0.0008461998956164,0.2432432432432432,-0.0344827586206896,0.0007382427499999,0.0038397554166666,0.007415298372507
AAPL,2016-03-10 00:00:00,2016,0.0017759999999999,1,1.602639105411534,27.052395209595538,0.2287431121957296,-0.0007748319582476,0.34375,-0.074074074074074,0.0027874796666666,0.0018719591333333,-0.0085232872515916
AAPL,2016-03-11 00:00:00,2016,-0.0066859999999999,1,1.5977314384147554,27.05288950415439,0.2286300736594649,-0.0007731007821404,0.4324324324324324,0.4,-0.000176867,-0.0013444877833333,0.006473446264863
AAPL,2016-03-14 00:00:00,2016,0.004122,1,1.609902117255707,27.066145120787066,0.2256194390449022,-0.0008225499077963,0.4502369668246445,0.3125,0.0004824574166666,0.0145814640714285,0.0021956469863653
AAPL,2016-03-15 00:00:00,2016,0.024556,1,1.6097263805050803,27.066145120787066,0.2256194390449022,-0.0008418468686427,0.3260869565217391,-0.0769230769230769,-0.0004357776416666,0.0028049061999999,0.003351530060172
AAPL,2016-03-16 00:00:00,2016,0.005794,1,1.6073021917067525,27.086039598304016,0.2211752125502963,-0.0007747524143407,0.2795031055900621,-0.1147540983606557,0.0010208169666666,0.0065430226666666,-0.0105220880359411
AAPL,2016-03-17 00:00:00,2016,-0.0098599999999999,1,1.601287239996227,27.099243298741452,0.2182740763144857,-0.0007931391262762,0.0303030303030303,0.0,-0.0003472751450216,-0.0036825085833333,-0.0003955289721488
AAPL,2016-03-18 00:00:00,2016,-0.002748,1,1.5871121191620725,27.09763780030417,0.2186247964679014,-0.0006553853862054,0.2053571428571428,-0.0416666666666666,-0.0001847423333333,0.0108885119999999,-0.01928729750216
AAPL,2016-03-21 00:00:00,2016,-0.000599,1,1.5877955521632556,27.098676963468517,0.2183977276338167,-0.0006178546286689,0.3452914798206278,-0.0704225352112676,-0.0026551459999999,0.0033316878333333,-0.0028407350182533
AAPL,2016-03-22 00:00:00,2016,0.008021,1,1.5872305060633054,27.098676963468517,0.2183977276338167,-0.0006090886858368,0.4799235181644359,0.1063829787234042,0.0004118109999999,0.0023585114999999,-0.0014260839670896
AAPL,2016-03-23 00:00:00,2016,0.003932,1,1.5877089110218028,27.106295845641068,0.216740103719252,-0.0006189934196588,0.4057142857142857,0.1935483870967742,0.0009974269999999,-0.0009650009666666,-0.0232141409069299
AAPL,2016-03-24 00:00:00,2016,-0.004194,1,1.608704010954931,27.100751983929698,0.2179450177338902,-0.0006968172073504,0.3879310344827586,0.024390243902439,-0.00043232,0.0001887104999999,-0.0063889343291521
AAPL,2016-03-28 00:00:00,2016,-0.005348,1,1.6058911634795707,27.079855583009213,0.2225472012748652,-0.0007100367031258,0.3358348968105065,0.1752577319587628,0.0012188199999999,0.0029901944666666,0.0123156793415546
AAPL,2016-03-29 00:00:00,2016,0.012612,1,1.5998302626328706,27.079855583009213,0.2225472012748652,-0.0007897532842032,0.3405797101449275,-0.2068965517241379,0.0022196049999999,0.0035577022499999,-0.0262211766093969
AAPL,2016-03-30 00:00:00,2016,0.0129869999999999,1,1.5905894171449348,27.10325118977906,0.217401008349607,-0.0007888396862881,0.3501259445843829,0.1235955056179775,0.0015421309999999,0.001860139,-0.007693063467741
AAPL,2016-03-31 00:00:00,2016,-0.004331,1,1.5695112729047618,27.12055964315968,0.2136705108350467,-0.0005567173296024,0.3856655290102389,-0.0508474576271186,0.0011751349999999,0.005250337,-0.0073352083563804
AAPL,2016-04-01 00:00:00,2016,0.004507,1,1.5602039890509096,27.11534343634952,0.2147879723301937,-0.0005871264426564,0.06,-0.4545454545454545,-0.0008357914999999,0.0024834224999999,-0.0061244708485901
AAPL,2016-04-04 00:00:00,2016,0.014669,1,1.5617444118277335,27.13469804421189,0.210670806936704,-0.0005585885327956,0.3559322033898305,0.032258064516129,0.0034719548333333,-0.0026958786666666,0.0138645144179463
AAPL,2016-04-05 00:00:00,2016,-0.001766,1,1.561949103815206,27.13469804421189,0.210670806936704,-0.0004535512974682,0.4612546125461255,0.1076923076923077,-0.0001632595,-0.0015447344166666,0.004763257689774
AAPL,2016-04-06 00:00:00,2016,-0.000613,1,1.560538849155399,27.122838898425158,0.213184055786359,-0.0004219432171612,0.2142857142857142,-0.1764705882352941,-0.0002057146666666,-0.00885379375,-0.0043116491287946
AAPL,2016-04-07 00:00:00,2016,-0.010142,1,1.558506434671438,27.13325708880415,0.2109745929937294,-0.0003592451565648,0.1724137931034483,0.0555555555555555,0.0024139874999999,-0.0005441448333333,0.0003817863762378
AAPL,2016-04-08 00:00:00,2016,-0.0032259999999999,1,1.5526575124260031,27.11120609811873,0.215678463681331,-0.0003203589976951,0.4761904761904761,-0.3684210526315789,0.0024743309999999,0.0122709913333333,0.0133490487933158
AAPL,2016-04-11 00:00:00,2016,0.005148,1,1.5565544612660145,27.11543225780647,0.2147688953967879,-0.0002062866439831,0.3921200750469043,0.0363636363636363,0.0033002764999999,0.0031797454999999,0.0148058887571096
AAPL,2016-04-12 00:00:00,2016,0.002614,1,1.5485996848884285,27.11543225780647,0.2147688953967879,-0.0001158555928958,0.6129032258064516,-0.3333333333333333,0.0048897647119047,-0.0004719702666666,0.0061228005215525
AAPL,2016-04-13 00:00:00,2016,0.003154,1,1.5317065827464549,27.128373346130374,0.2120074586888497,1.5302092578934235e-05,0.1393939393939394,-0.5135135135135135,0.0020379243,0.0006513946666666,0.0165363550186157
AAPL,2016-04-14 00:00:00,2016,0.000997,1,1.5178635099522129,27.142756895525586,0.208979864904196,5.216324270964625e-06,0.3006993006993007,-0.1,0.0050511811666666,0.0129911391738095,0.0112386951223015
AAPL,2016-04-15 00:00:00,2016,-0.019503,1,1.508205132156077,27.143292253428594,0.2088680158242658,-9.447465975684004e-05,0.4351145038167939,-0.2413793103448276,5.596306666666304e-05,-0.0010046858666666,0.0067742629908025
AAPL,2016-04-18 00:00:00,2016,-0.028348,1,1.5114921580852316,27.101205751942636,0.2178461436908994,-4.7342701480868166e-05,0.3550295857988165,0.0802919708029197,0.0016343204999999,0.0025214728666666,0.0007286292966455
AAPL,2016-04-19 00:00:00,2016,-0.009797,1,1.5075314135748092,27.101205751942636,0.2178461436908994,-0.0001687853494477,0.2868217054263566,-0.0714285714285714,0.0025081020999999,0.00192148,0.0109335100278258
AAPL,2016-04-20 00:00:00,2016,0.0008289999999999,1,1.4944579546045815,27.095888330241785,0.2190076087659067,6.444925239683795e-05,0.2336448598130841,-0.0344827586206896,8.532699999999374e-06,0.0001532967428571,0.0063334172591567
AAPL,2016-04-21 00:00:00,2016,-0.005551,1,1.4844710554685825,27.09794396159887,0.2185578722624851,-0.0001351370411841,0.0,0.0,0.0,0.0,0.0
AAPL,2016-04-22 00:00:00,2016,-0.004574,1,1.4756099959378723,27.087056983668315,0.2209503065535356,-0.0001369126172194,0.3367875647668393,0.2631578947368421,-5.4158500000004906e-05,0.0015322621666666,-0.0063593429513275
AAPL,2016-04-25 00:00:00,2016,-0.002889,1,1.484845544393579,27.078622919204925,0.2228216962999066,-0.0003600001732176,0.3094910591471801,-0.2804232804232804,0.003376187,-0.0020318265833333,0.0078171472996473
AAPL,2016-04-26 00:00:00,2016,-0.010308,1,1.4829698796423505,27.078622919204925,0.2228216962999066,-0.0003615636088045,0.3503649635036496,-0.425287356321839,-0.0001418690833333,0.0098361774999999,0.007624969817698
AAPL,2016-04-27 00:00:00,2016,-0.065229,1,1.4824690684034925,27.071651555862754,0.2243804944664146,-0.0003929291689618,0.1782477341389728,-0.4367816091954023,-0.0046184719999999,-0.020126523,-0.0052124899812042
AAPL,2016-04-28 00:00:00,2016,-0.021987,1,1.4798029574115574,27.007029988953686,0.2393590710308679,-0.0003750759850585,0.2724014336917563,-0.3170731707317073,-0.0014625659999999,0.0002042521999999,0.0081795565783977
AAPL,2016-04-29 00:00:00,2016,-0.007024,1,1.4672885638780997,26.975986771166692,0.2469060824959861,-0.0004119113975427,0.4032258064516129,-0.0714285714285714,0.0020179639999999,0.0024094581333333,0.0241946652531623
AAPL,2016-05-02 00:00:00,2016,-0.007808,1,1.4592090516985627,26.96335857306689,0.2500438317792348,-0.0003078211356754,0.3376068376068376,-0.2477064220183486,-0.0003250174166666,-0.030389359,0.0006447024643421
AAPL,2016-05-03 00:00:00,2016,0.027561,1,1.4505066860796816,26.96335857306689,0.2500438317792348,-0.0007958874314606,0.2227272727272727,-0.0074074074074074,0.0033304839999999,0.0098068049999999,0.0136446170508861
AAPL,2016-05-04 00:00:00,2016,-0.004224,1,1.446605167756747,26.97967077586151,0.2459981527644487,-0.0010449994575906,0.3219373219373219,-0.0461538461538461,-0.0042170136666666,-0.0148942749999999,-0.0005667158402502
AAPL,2016-05-05 00:00:00,2016,-0.003588,1,1.441454229679092,26.969214981716984,0.2485837525034396,-0.00112580091895,0.3400335008375209,-0.1294117647058823,-0.009048903,-0.0066195465,-0.0038083456456661
AAPL,2016-05-06 00:00:00,2016,-0.0091,1,1.4260036564626626,26.959077728218706,0.2511165250068176,-0.0011479444670802,0.2086330935251798,-0.3191489361702128,0.0023852396999999,-0.0028500985,0.0245521627366542
AAPL,2016-05-09 00:00:00,2016,0.000956,1,1.4354660522051876,26.95423982219399,0.2523343466340544,-0.0010689330071159,0.2048192771084337,0.0,0.0010481001666666,-0.0103959299999999,-0.0068635661154985
AAPL,2016-05-10 00:00:00,2016,-0.005521,1,1.4326903778691629,26.95423982219399,0.2523343466340544,-0.0011487637117769,0.0,0.0,0.0,0.0,0.0
AAPL,2016-05-11 00:00:00,2016,-0.0014369999999999,1,1.4252136321355382,26.961006372435964,0.250632677308018,-0.0010783410686997,0.4,-0.0769230769230769,0.0048160935,0.0032810543333333,0.0327756889164447
AAPL,2016-05-12 00:00:00,2016,-0.022681,1,1.4218219205192222,26.951217706837358,0.2530980836073621,-0.0012382399107049,0.264367816091954,-0.6470588235294118,0.0018227229999999,-0.01460591,-0.0132721439003944
AAPL,2016-05-13 00:00:00,2016,0.0099649999999999,1,1.412103080188227,26.927481226651736,0.25917760908047,-0.0011475399753617,0.1279620853080568,-0.5238095238095238,0.0039594099999999,0.0021919654523809,-0.0067347455769777
AAPL,2016-05-16 00:00:00,2016,0.026896,1,1.4151284649264937,26.96591827868876,0.2494046116340342,-0.0012297208386658,0.1,-0.3333333333333333,0.0011996132499999,0.0002368929999999,0.0294415764510631
AAPL,2016-05-17 00:00:00,2016,0.004445,1,1.420371656207068,26.96591827868876,0.2494046116340342,-0.0012134281896639,0.1578947368421052,-0.6666666666666666,-0.0009380470333333,0.0028487658499999,0.0254410970956087
AAPL,2016-05-18 00:00:00,2016,0.012253,1,1.424232444077281,26.96175539281564,0.2504450186137681,-0.0013290901552777,-0.037037037037037,-0.7777777777777778,-0.0001671475928571,0.00326144275,0.0113713480532169
AAPL,2016-05-19 00:00:00,2016,-1.100000000000016e-05,1,1.4168169092228555,26.973135464801437,0.2476110920020322,-0.0012410211059563,0.3873873873873873,-0.3333333333333333,0.0034836386666666,0.0053697509999999,0.0192258730530738
AAPL,2016-05-20 00:00:00,2016,0.003178,1,1.4053336609812093,26.969321086147982,0.2485573780650724,-0.0013375473521611,0.34,-0.217391304347826,0.0004009181666666,-0.0002680228333333,0.0215192828327417
AAPL,2016-05-23 00:00:00,2016,0.014499,1,1.4159702780047194,26.992718296649276,0.2428093350730413,-0.0011822036973375,-0.217391304347826,-1.0,0.0001123405833333,0.0013960784999999,0.0163652822375297
AAPL,2016-05-24 00:00:00,2016,0.002117,1,1.4129962246858698,26.992718296649276,0.2428093350730413,-0.0011925531473331,0.3793103448275862,-0.1304347826086956,0.00133579475,-0.001975762,0.0253934152424335
AAPL,2016-05-25 00:00:00,2016,0.01024,1,1.4106412577077734,27.007847502084807,0.2391634718106068,-0.0011779104108421,0.217391304347826,-0.68,0.00037063275,0.0024763345833333,0.015942383557558
AAPL,2016-05-26 00:00:00,2016,0.00809,1,1.4097015331109053,27.02526391217797,0.2350341659270456,-0.0011185492957816,0.1235955056179775,-0.1428571428571428,0.0025876786666666,0.0038955884999999,0.0089831203222274
AAPL,2016-05-27 00:00:00,2016,-0.005017,1,1.397994448486287,27.03316277732515,0.2331849756124292,-0.0009639093159942,0.3707865168539326,0.037037037037037,0.0023402949999999,0.0014248103333333,-0.002056501340121
AAPL,2016-05-31 00:00:00,2016,-0.004534,1,1.395354316307389,27.02767014814678,0.2344692981382355,-0.0009581399944606,0.2360515021459227,-0.4,0.0030016739999999,0.0016784869999999,0.0138796065002679
AAPL,2016-06-01 00:00:00,2016,-0.016389,1,1.3964453448472594,27.02767014814678,0.2344692981382355,-0.0009090158344497,0.3110047846889952,0.0,0.0009771116666666,-0.0040027119999999,-0.0188945494592189
AAPL,2016-06-02 00:00:00,2016,-0.01112,1,1.3965984164091705,27.01355130199383,0.2378032142281967,-0.0010077459299606,0.2987012987012987,0.125,0.0009611903,0.0001930536666666,-0.0157403573393821
AAPL,2016-06-03 00:00:00,2016,0.004004,1,1.3874297460941958,27.00600719584363,0.2396040110796923,-0.0010856587830036,0.2658227848101265,-0.1111111111111111,-3.4930966666664994e-05,-0.0017317327999999,-0.0094566671177744
AAPL,2016-06-06 00:00:00,2016,0.0011129999999999,1,1.3849021507368882,27.015276384080817,0.2373933377999917,-0.00114101364455,0.3642691415313225,-0.3563218390804598,-0.0026173999999999,-0.006468013,-0.0219920724630355
AAPL,2016-06-07 00:00:00,2016,0.0019319999999999,1,1.380714114935394,27.015276384080817,0.2373933377999917,-0.0013314188885139,0.3333333333333333,-0.0666666666666666,-0.0006244586666666,-0.0016876094166666,0.006101869046688
AAPL,2016-06-08 00:00:00,2016,-0.004476,1,1.374657658845169,27.019323759168856,0.2364344596971543,-0.0012500980036345,0.4285714285714285,-0.6666666666666666,0.0014220923333333,0.0037326833333333,0.0146375093609094
AAPL,2016-06-09 00:00:00,2016,0.009996,1,1.367725908068116,27.018414567437432,0.2366495217044197,-0.0011569997745882,0.3279352226720647,-0.3023255813953488,0.0031458259999999,0.0004827305,-0.0028570890426635
AAPL,2016-06-10 00:00:00,2016,0.003015,1,1.356054693765775,27.02556499893343,0.2349634109048388,-0.0011126208942824,0.3900709219858156,0.2666666666666666,0.0040060434761904,0.0015991693,-0.0075707612559199
AAPL,2016-06-13 00:00:00,2016,-0.006932,1,1.3538057753415154,27.002110903745717,0.2405393993843692,-0.0010069105299879,0.4782608695652174,-0.0163934426229508,0.0012705706666666,0.038307449,-0.0165101625025272
AAPL,2016-06-14 00:00:00,2016,0.004016,1,1.348106635325906,27.002110903745717,0.2405393993843692,-0.0009553888304932,0.4806629834254143,0.1842105263157894,-0.001183797,0.0010294366999999,0.0097263250499963
AAPL,2016-06-15 00:00:00,2016,-0.0027879999999999,1,1.343943334687376,27.003342964983727,0.2402432226056037,-0.0009993027469532,0.2527472527472527,0.2777777777777778,0.0022661624999999,-0.0020279590333333,-0.0071050180122256
AAPL,2016-06-16 00:00:00,2016,0.002312,1,1.3411938642701635,27.000054167596627,0.2410346345718424,-0.0008936852392954,0.2615384615384615,-0.036144578313253,-0.0005685895,-0.0046249719999999,-0.0031945947557687
AAPL,2016-06-17 00:00:00,2016,-0.021009,1,1.329878405455118,27.0042660353154,0.240021563533626,-0.0007901063222498,0.3979591836734694,-0.3846153846153846,0.0025893522499999,0.001617022,-0.0020760530605912
AAPL,2016-06-20 00:00:00,2016,-0.009702,1,1.333023858473644,26.978829890468596,0.2462050960133761,-0.0009174028537851,0.2516129032258064,-0.1914893617021276,0.0040458168333333,-0.001705959,-0.0029014758765697
AAPL,2016-06-21 00:00:00,2016,0.006179,1,1.3328374100968978,26.978829890468596,0.2462050960133761,-0.0008932700328915,0.3733333333333333,-0.4705882352941176,-0.0015230389999999,0.0037368292666666,-0.0267935059964656
AAPL,2016-06-22 00:00:00,2016,-0.0018859999999999,1,1.3325072476574302,26.987311226884874,0.2441257779290752,-0.0009670790210135,0.2222222222222222,-0.5,7.699560000000219e-05,0.0017595859999999,-0.0132858669385313
AAPL,2016-06-23 00:00:00,2016,-0.008676,1,1.335527142954947,26.983550639587385,0.2450455626098712,-0.0010205161913559,0.0666666666666666,0.0,0.0026777823,0.0058286968333333,-0.0104786856099963
AAPL,2016-06-24 00:00:00,2016,0.008574,1,1.3494073138871143,26.98929023706046,0.2436431282722457,-0.0010097591192144,0.2962962962962963,0.1470588235294117,0.0003131269999999,-0.0009322770999999,-0.0140693755820393
AAPL,2016-06-27 00:00:00,2016,0.005785,1,1.3551043672871126,26.930621523163722,0.2583649911371364,-0.000945770687957,0.3333333333333333,0.0140845070422535,0.0020652164999999,-0.0039797719999999,-0.0075970003381371
AAPL,2016-06-28 00:00:00,2016,-0.001222,1,1.355058034753248,26.930621523163722,0.2583649911371364,-0.0009782494335503,0.0,0.0,0.0,0.0,0.0
AAPL,2016-06-29 00:00:00,2016,-0.008964,1,1.3519566390051112,26.947321749089383,0.2540860663670608,-0.0011798153351606,0.3191489361702128,-0.0588235294117647,0.00055675,-0.0048787843333333,-0.0035023344680666
AAPL,2016-06-30 00:00:00,2016,-0.000481,1,1.3580533842372706,26.955939337364924,0.2519058647926315,-0.0011524674117355,0.0303030303030303,-1.0,0.0012247423333333,0.0017555225,0.0102732563391327
AAPL,2016-07-01 00:00:00,2016,2.3000000000000017e-05,1,1.3503298881083745,26.968571052145776,0.2487438744807038,-0.0011489723783452,0.2222222222222222,0.0,0.000221577,0.0002546203999999,0.0008745156228542
AAPL,2016-07-05 00:00:00,2016,-0.001149,1,1.3499300590655023,26.962169848462583,0.2503412417684897,-0.0011019692817194,0.1991051454138702,0.0091743119266055,-0.0028016574999999,-0.0007438581999999,0.0053576566278934
AAPL,2016-07-06 00:00:00,2016,0.0002449999999999,1,1.343594031704945,26.962169848462583,0.2503412417684897,-0.0010590316404351,0.3559322033898305,-0.4117647058823529,-0.0005769836309523,-0.003522835,-0.0061459206044673
AAPL,2016-07-07 00:00:00,2016,0.004981,1,1.3325453834622156,26.967838569553198,0.248926141784436,-0.0012521684242525,0.1428571428571428,-0.1111111111111111,5.0036500000000015e-05,-0.0017500919999999,-0.0048977322876453
AAPL,2016-07-08 00:00:00,2016,-0.007779,1,1.3230468174068473,26.972121269570636,0.2478623453790867,-0.0013182221323116,0.1627906976744186,-0.2452830188679245,-0.0003862656666666,-0.0040931589166666,-0.0012090057134628
AAPL,2016-07-11 00:00:00,2016,-0.001115,1,1.319031712361851,26.982903054341403,0.2452043018938719,-0.0013336992857517,0.2093023255813953,-0.09375,-0.0010620586666666,-0.0008258249999999,0.0220297947525978
AAPL,2016-07-12 00:00:00,2016,-0.0033979999999999,1,1.3187644056875694,26.982903054341403,0.2452043018938719,-0.0013563258856479,0.3571428571428571,0.0,-0.0003398350333333,0.0003835609999999,-0.0024051517248153
AAPL,2016-07-13 00:00:00,2016,-0.005412,1,1.3149840155085186,26.987429757632423,0.2440968432329801,-0.0013954889128121,0.3928571428571428,0.3766233766233766,-0.0004446357499999,-0.0003622174166666,0.0102185830473899
AAPL,2016-07-14 00:00:00,2016,0.015129,1,1.3120035925101494,26.98176814984107,0.2454827433319269,-0.0014147025232705,0.1821561338289963,-0.4285714285714285,0.0007620863333333,-0.0069195902499999,0.0045332349836826
AAPL,2016-07-15 00:00:00,2016,0.0007,1,1.305813344411363,27.00139464237329,0.240711750181436,-0.0014181767778509,-0.0123456790123456,-0.5833333333333334,5.015933333333296e-05,-0.0035381289999999,0.0105810277163982
AAPL,2016-07-18 00:00:00,2016,0.008026,1,1.30857590959021,27.01099106955232,0.2384128257725958,-0.0014016615956728,0.2906403940886699,-0.1428571428571428,-0.0008002812499999,-0.0046445809999999,0.0010557360947132
AAPL,2016-07-19 00:00:00,2016,0.002768,1,1.3070950853521135,27.01099106955232,0.2384128257725958,-0.0014597177301703,0.3364485981308411,0.12,-0.0008086879999999,-0.0015588393333333,-0.0082163363695144
AAPL,2016-07-20 00:00:00,2016,-0.003734,1,1.3033074504082165,27.011391679618875,0.2383173343232908,-0.0011830979493885,0.3107692307692307,0.189873417721519,-0.0013582118333333,-0.0008384584333333,0.0086096040904521
AAPL,2016-07-21 00:00:00,2016,-0.001975,1,1.3005086862754232,27.01229240867007,0.2381027716227967,-0.0011553058205438,0.3485342019543974,-0.074074074074074,-0.0020095586666666,-0.000562963,-0.0131274200975894
AAPL,2016-07-22 00:00:00,2016,-0.012249,1,1.2944724938168597,27.006976193923492,0.2393719477056687,-0.0012200480456564,0.1584699453551912,-0.5,0.0006100934999999,-0.0009234999999999,-0.0011310689151287
AAPL,2016-07-25 00:00:00,2016,-0.010222,1,1.2971996955335707,26.98573227864573,0.2445115443687403,-0.0010736093807519,0.2183288409703504,-0.2892561983471074,-0.0034298191666666,0.0028376373999999,-0.0123924762010574
AAPL,2016-07-26 00:00:00,2016,-0.008498,1,1.2950034108183013,26.98573227864573,0.2445115443687403,-0.0011264132720734,0.2110091743119266,-0.7391304347826086,-0.0046707838095238,-0.0267082423333332,-0.0039461068809032
AAPL,2016-07-27 00:00:00,2016,0.066209,1,1.2959469071121288,26.97882540939748,0.2462061992783922,-0.001096333299201,0.2008196721311475,0.0972222222222222,-0.0046842624999999,0.0549056526666668,0.0084300525486469
AAPL,2016-07-28 00:00:00,2016,0.011827,1,1.2925392813842511,27.04176571569295,0.2311875040209173,-0.0012454576724568,0.2929292929292929,0.1325301204819277,-0.0017131724999999,-0.0017430321833333,-0.0196998566389083
AAPL,2016-07-29 00:00:00,2016,-0.003875,1,1.2844995812333917,27.055177074358657,0.2281076640672837,-0.0013285007915784,-0.0909090909090909,-0.4285714285714285,0.0003698149999999,0.0055152249999999,-0.0063260197639465
AAPL,2016-08-01 00:00:00,2016,0.0199099999999999,1,1.2960708731631754,27.071433021649543,0.2244295346395151,-0.0014126068818191,0.1968190854870775,-0.0642201834862385,5.758366666667078e-05,0.000231924,-0.0120896575972437
AAPL,2016-08-02 00:00:00,2016,-0.0076929999999999,1,1.3070723455736657,27.071433021649543,0.2244295346395151,-0.0009499326640615,0.1428571428571428,-0.5555555555555556,-7.410599999999551e-05,0.0010478703333333,-0.0052881576120853
AAPL,2016-08-03 00:00:00,2016,0.008149,1,1.3065279642004193,27.056518009520293,0.2278019914692668,-0.0009587554390732,0.1547619047619047,-0.0476190476190476,-0.0001253883333333,-0.0039554184999999,-0.0046587102115154
AAPL,2016-08-04 00:00:00,2016,0.005331,1,1.307705740415181,27.068978317515136,0.2249811194578769,-0.0009221160366,0.2840236686390532,0.3448275862068966,0.0007771626666666,0.00114577575,0.007219785824418
AAPL,2016-08-05 00:00:00,2016,0.007138,1,1.307705740415181,27.069734264160513,0.2248111100024842,-0.0009221160366,0.2571428571428571,-0.25,0.0001030180833333,-0.0013793503333333,-0.0054029617458581
AAPL,2016-08-08 00:00:00,2016,0.008177,1,1.318773394466639,27.09307363514165,0.2196249167685458,-0.0008505928137977,0.3692307692307692,0.1428571428571428,0.0012800275,0.0018956216,0.0047769527882337
AAPL,2016-08-09 00:00:00,2016,0.002992,1,1.3171072927745546,27.09307363514165,0.2196249167685458,-0.0008528333564878,0.3939393939393939,-0.7142857142857143,-0.0016876147499999,0.0016417418333333,0.001493152230978
AAPL,2016-08-10 00:00:00,2016,-0.004885,1,1.3157397604465706,27.097125531387846,0.2187368198460675,-0.0007279168107316,0.1551155115511551,-0.0714285714285714,-0.0014667308333333,0.00070468025,-0.0039145313203334
AAPL,2016-08-11 00:00:00,2016,-0.005474,1,1.31727002382692,27.08965353898648,0.220377341050233,-0.0006537542241052,0.0909090909090909,0.4545454545454545,0.0012681778,-0.0006179816666666,-0.0001670271158218
AAPL,2016-08-12 00:00:00,2016,0.002813,1,1.30955543744269,27.089005183527046,0.2205202702318884,-0.0007169661135159,0.3095238095238095,-0.0588235294117647,-0.000291609,0.0021643566666666,0.0055221132934093
AAPL,2016-08-15 00:00:00,2016,0.008003,1,1.3089217566187488,27.103264226697263,0.2173981741289179,-0.0006722668397792,0.1279620853080568,-0.282051282051282,0.00114405175,0.0049508456666666,-0.010252209380269
AAPL,2016-08-16 00:00:00,2016,0.004569,1,1.3074037342512486,27.103264226697263,0.2173981741289179,-0.0006943660408423,0.4496124031007752,0.3548387096774194,0.00334949075,-0.0016188142666666,-0.0106717487797141
AAPL,2016-08-17 00:00:00,2016,-0.002506,1,1.3061371455539197,27.102350344670423,0.2175969412239259,-0.0007327816856231,0.3822393822393822,0.1666666666666666,0.0001941056,0.0043988999999999,-0.0117245241999626
AAPL,2016-08-18 00:00:00,2016,-0.004671,1,1.3008946623356692,27.100886519762817,0.2179156982916571,-0.0006501038337138,0.503030303030303,0.3333333333333333,-0.00011257825,0.000170377,-0.0015707407146692
AAPL,2016-08-19 00:00:00,2016,0.004395,1,1.2954732953470975,27.099603886625992,0.2181953835157452,-0.000656047862888,0.4242424242424242,-0.0476190476190476,0.001806325,0.001323492,0.0037877932190895
AAPL,2016-08-22 00:00:00,2016,-0.007344,1,1.2978906927288645,27.09436466618132,0.2193415571363104,-0.0005163812464408,0.2376681614349775,0.0555555555555555,0.0036359075,-0.0007029044999999,-0.0059055779129266
AAPL,2016-08-23 00:00:00,2016,0.0003059999999999,1,1.2905330927690986,27.09436466618132,0.2193415571363104,-0.0004578129378126,0.2460732984293193,-0.2164948453608247,-0.0010191319999999,-0.0002631474166666,-0.0008848831057548
AAPL,2016-08-24 00:00:00,2016,-0.0014919999999999,1,1.2847173678927288,27.097493085524633,0.2186564369964943,-0.0003330286997397,0.1587982832618025,-0.1020408163265306,0.00096505,-0.0011375799333333,-0.0002811811864376
AAPL,2016-08-25 00:00:00,2016,-0.0035829999999999,1,1.2789760201601836,27.089931266891483,0.2203161446113651,-0.0002439831429284,0.15,-0.12,0.000162251,0.0008592915,-0.0050836708396673
AAPL,2016-08-26 00:00:00,2016,-0.004028,1,1.2706669730012918,27.085664107469174,0.2212582774095736,-0.0002086385757319,0.2307692307692307,-0.3103448275862069,0.0008741037999999,-0.0011771804999999,-0.0067807491868734
AAPL,2016-08-29 00:00:00,2016,-0.0063479999999999,1,1.2614892888353837,27.078667483916966,0.2228117665364343,-0.0002013761884845,0.125,-0.1724137931034483,0.00055737425,-0.0051195829999999,-0.0247689522802829
AAPL,2016-08-30 00:00:00,2016,-0.006161,1,1.2570509698256065,27.078667483916966,0.2228117665364343,-0.0002228341794207,0.1648351648351648,-0.2558139534883721,-0.0005978488,-0.0012137484999999,0.0003025326877832
AAPL,2016-08-31 00:00:00,2016,0.003522,1,1.2556277165778686,27.070961405974327,0.2245354040889166,-0.0001811253495128,0.1506849315068493,0.0555555555555555,-0.0001933718333333,-0.0020020769999999,-0.0022252090275287
AAPL,2016-09-01 00:00:00,2016,0.00519,1,1.254684946467839,27.071904343100677,0.2243237811094824,-0.0002159705634628,0.3636363636363636,0.0,-0.0020698570666666,-0.0024217154761904,0.0160692706704139
AAPL,2016-09-02 00:00:00,2016,0.00348,1,1.2521616312912651,27.07782462424071,0.2229996447562088,-0.0001952341784634,0.4380165289256198,-0.0769230769230769,0.0005514818,-0.001665664,0.0313943699002265
AAPL,2016-09-06 00:00:00,2016,-0.00367,1,1.2619590859548853,27.086871867688874,0.2209912117719296,-0.000160576613389,0.1965442764578833,-0.1428571428571428,0.0015854684999999,-0.0012424383833333,0.0076943589374423
AAPL,2016-09-07 00:00:00,2016,0.005306,1,1.2611741272942851,27.086871867688874,0.2209912117719296,-0.0001703457463039,0.0840579710144927,-0.0277777777777777,-0.0011894144166666,-0.0082281879999999,0.0197097491472959
AAPL,2016-09-08 00:00:00,2016,-0.0241329999999999,1,1.2614411196332596,27.09298133471178,0.219645189178335,-0.0001005965686032,0.298876404494382,0.2272727272727272,0.001549693,1.0147749999997995e-05,0.0175076313316822
AAPL,2016-09-09 00:00:00,2016,0.002381,1,1.2538475873271742,27.066422788458073,0.2255568005174788,-5.010836888770852e-05,0.264367816091954,0.3513513513513513,0.001414524,-0.001288135,0.0111812558025121
AAPL,2016-09-12 00:00:00,2016,0.0090459999999999,1,1.25883611388299,27.065664405770914,0.2257279237702162,-8.41992143887108e-05,0.1936842105263158,0.0677966101694915,-0.0004573093333333,0.000117032,0.0288571380078792
AAPL,2016-09-13 00:00:00,2016,0.0396679999999999,1,1.2538222406732331,27.065664405770914,0.2257279237702162,-0.000178161049981,0.1928251121076233,-0.2682926829268293,-0.0024889209999999,-0.00156625,0.0101789701730012
AAPL,2016-09-14 00:00:00,2016,0.035915,1,1.2533046484856571,27.08919044055297,0.2204794210863822,-0.0001394607504767,0.3701657458563536,0.1034482758620689,0.0004321853333333,-0.0002720643333333,0.0254781506955623
AAPL,2016-09-15 00:00:00,2016,0.02389,1,1.249235293200652,27.123965470225478,0.2129440238728112,-6.812414617050915e-05,0.2995169082125604,0.2235294117647059,-0.0003482953499999,0.0003202329999999,0.0088649038225412
AAPL,2016-09-16 00:00:00,2016,-0.0017539999999999,1,1.2341166023283534,27.157398716208995,0.2059423111211713,3.663481230590376e-05,-0.0144927536231884,-0.5897435897435898,-0.0015160136666666,0.0026820103,0.0358660370111465
AAPL,2016-09-19 00:00:00,2016,-0.013047,1,1.240921966326822,27.14002976243282,0.2095505586346771,0.0002053855233325,0.1369047619047619,-0.0136986301369863,-0.0019196733499999,0.0013767556666666,0.0074086966924369
AAPL,2016-09-20 00:00:00,2016,0.000276,1,1.2525395974310205,27.14002976243282,0.2095505586346771,0.0002871970239535,0.3980582524271844,0.1267605633802817,0.0003856727333333,-0.0002416516666666,0.0281138457357883
AAPL,2016-09-21 00:00:00,2016,-0.012049,1,1.2602332577332636,27.139941696078697,0.2095690138010086,0.0003911621471185,0.2276657060518732,-0.4137931034482758,-0.0006075200999999,-0.0028621759999999,0.0180493649095296
AAPL,2016-09-22 00:00:00,2016,0.001603,1,1.2634697733649591,27.139765607289718,0.2096059198041273,0.0003132843344045,0.2225519287833827,0.0566037735849056,-0.0008016825,0.0005250614999999,0.0143435019999742
AAPL,2016-09-23 00:00:00,2016,-0.010718,1,1.2517465117474569,27.14914464494835,0.2076492083676459,0.0003067392366868,0.5061728395061729,0.4545454545454545,-0.0003166865833333,-0.0027188971666666,0.0146566936746239
AAPL,2016-09-26 00:00:00,2016,0.00974,1,1.2527714876078304,27.13384759507494,0.2108500479495226,0.0002407489855196,0.1873684210526315,-0.2520325203252032,-0.0006892101666666,-0.0009880554999999,0.0175119675695896
AAPL,2016-09-27 00:00:00,2016,-0.003244,1,1.2594530438570102,27.13384759507494,0.2108500479495226,0.0001886288625737,0.3593073593073593,-0.0526315789473684,-0.0006608734999999,-0.0004992221666666,0.0194265246391296
AAPL,2016-09-28 00:00:00,2016,0.0008879999999999,1,1.2553673853467504,27.135706241363238,0.2104585162626869,0.0002389243079819,0.3072916666666667,0.1304347826086956,0.0005954652666666,-0.0011173453333333,0.0200369544327259
AAPL,2016-09-29 00:00:00,2016,-0.0063079999999999,1,1.2516829694588956,27.143282040772398,0.2088701489323938,0.0001304459184936,0.2838709677419355,0.1009174311926605,0.0011591386666666,-0.000464426,0.0068343491293489
AAPL,2016-09-30 00:00:00,2016,-8.5e-05,1,1.2420026493738543,27.12762703866286,0.2121657404945384,0.0001988225473114,0.1746031746031746,-0.2727272727272727,-0.0003172361666666,-0.00065244,0.0065918373875319
AAPL,2016-10-03 00:00:00,2016,-0.001636,1,1.239829453888628,27.13065326564981,0.2210874522982333,6.516238325733739e-05,0.2950819672131147,-0.2121212121212121,-0.0001582169999999,0.0030212673999999,-0.0144635140895843
AAPL,2016-10-04 00:00:00,2016,0.00987,1,1.2357181660824843,27.13065326564981,0.2210874522982333,0.0001713399846133,0.0,0.0,0.0,0.0,0.0
AAPL,2016-10-05 00:00:00,2016,-0.004502,1,1.2284451857428946,27.1349101305746,0.2201483131895691,0.0001610021923826,0.3209876543209876,-0.2352941176470588,0.0003253969999999,-0.0030291666666666,-0.0022614523768424
AAPL,2016-10-06 00:00:00,2016,0.008183,1,1.2104445100375003,27.135352537581,0.22005093957434,0.0004697627835974,0.5625,-0.6,-0.0022565746666666,0.0003013648333333,-0.0120710786432027
AAPL,2016-10-07 00:00:00,2016,0.005327,1,1.2001114091770109,27.142755376789385,0.2184279526186597,0.0004311053495381,0.3772455089820359,0.12,0.0003045426666666,0.0048912585,-0.0190575439482927
AAPL,2016-10-10 00:00:00,2016,0.011845,1,1.1977028635173463,27.161543470879625,0.2143624190972781,0.0004166306938183,0.2428571428571428,-0.3333333333333333,0.0013147449999999,0.0037633009999999,-0.0073213670402765
AAPL,2016-10-11 00:00:00,2016,0.014782,1,1.19408577932438,27.161543470879625,0.2143624190972781,0.0005012500392193,0.1239193083573487,-0.3465346534653465,0.0008465349999999,-0.00064132525,-0.0186352767050266
AAPL,2016-10-12 00:00:00,2016,0.008009,1,1.1924938719774896,27.16369539762727,0.2139016228516368,0.0005783096845048,0.1290322580645161,0.5172413793103449,-0.0010656133333333,0.007377986,-0.0051781125366687
AAPL,2016-10-13 00:00:00,2016,0.0002609999999999,1,1.1884713439485208,27.172597984150585,0.21200579654687,0.0005115649816945,0.2857142857142857,0.1666666666666666,0.0004938633333333,0.0016374065,-0.0127614727243781
AAPL,2016-10-14 00:00:00,2016,0.005879,1,1.1922664708542052,27.169525320573783,0.2126582208628978,0.0004729238953026,0.09375,-0.28,0.0016109519999999,0.0022119924999999,-0.0101393554359674
AAPL,2016-10-17 00:00:00,2016,0.0018479999999999,1,1.202574773273812,27.16391474066295,0.2138547101655173,0.0006636695364256,0.0,0.0,0.0,0.0,0.0
AAPL,2016-10-18 00:00:00,2016,-0.007246,1,1.1994927733987109,27.16391474066295,0.2138547101655173,0.000524483815908,0.2,-0.1111111111111111,0.0016668139999999,0.0027571033333333,-0.013288864865899
AAPL,2016-10-19 00:00:00,2016,-0.005981,1,1.197781078492579,27.163233931942923,0.2140003538891499,0.0005096237511017,0.1687242798353909,-0.3684210526315789,0.003898273,-0.0024335006666666,-0.0060277264565229
AAPL,2016-10-20 00:00:00,2016,0.001131,1,1.1965261975431676,27.16025001337952,0.2146398671709643,0.0006206726048994,0.0,0.0,0.0,0.0,0.0
AAPL,2016-10-21 00:00:00,2016,-0.003817,1,1.1871353926523067,27.159737542722564,0.2147498919945419,0.000634796988471,0.1264367816091954,-0.2903225806451613,0.000453386,0.0008845006666666,-0.0031521208584308
AAPL,2016-10-24 00:00:00,2016,0.004565,1,1.1886032183407087,27.16476506785853,0.2136729409821531,0.0006641335940988,0.1111111111111111,-0.4035087719298245,0.0041518579999999,0.0074823463333333,-0.0040561314672231
AAPL,2016-10-25 00:00:00,2016,0.009473,1,1.1923636391937231,27.16476506785853,0.2136729409821531,0.0006572586737997,0.2987012987012987,-0.3846153846153846,0.003486961,-0.0030197166666666,0.0108909346163272
AAPL,2016-10-26 00:00:00,2016,-0.019712,1,1.1876879731178571,27.169851967087553,0.2125887681402904,0.0006176685935755,0.1745454545454545,-0.144927536231884,0.0085323799999999,-0.0008815965666666,-0.0090443603694438
AAPL,2016-10-27 00:00:00,2016,-0.005615,1,1.1835952146845092,27.1471003553398,0.2174809466997868,0.0006069342241469,0.1711711711711711,-0.0303030303030303,0.0013153239999999,0.0014010545333333,-0.0154456840828061
AAPL,2016-10-28 00:00:00,2016,-0.004066,1,1.1762764096931295,27.137451104287027,0.2195896322103558,0.0006896602528977,0.3097345132743362,-0.2056737588652482,0.005523048,-0.0027824157499999,-0.0162437986582517
AAPL,2016-10-31 00:00:00,2016,-0.002012,1,1.1829898468075677,27.12920614552157,0.2214076240081434,0.0007896027650303,0.2828282828282828,0.0769230769230769,-9.010000000000284e-05,-0.0044107874999999,-0.0147884944453835
AAPL,2016-11-01 00:00:00,2016,-0.011277,1,1.1889635285850624,27.12920614552157,0.2214076240081434,0.0006963556464455,0.1259259259259259,-0.0357142857142857,-0.000126943,0.00479285,0.0077334307134151
AAPL,2016-11-02 00:00:00,2016,0.008585,1,1.1894547444983068,27.110985821334257,0.2254787183986353,0.0007480114199038,0.352112676056338,-0.25,0.000167532,0.0127335146761904,-0.0031928271055221
AAPL,2016-11-03 00:00:00,2016,-0.00672,1,1.189755948497397,27.11188234709558,0.2252766615070985,0.0006739966831702,0.2069970845481049,-0.1176470588235294,-0.0002963669999999,0.0017209019999999,0.0192711614072322
AAPL,2016-11-04 00:00:00,2016,-0.0077719999999999,1,1.184581334966646,27.095984672187484,0.2288866558634741,0.0006949821306896,0.32,0.3333333333333333,0.0002382593333333,0.003268616,0.0013994425535202
AAPL,2016-11-07 00:00:00,2016,-0.0065249999999999,1,1.1923190594775663,27.101251682334834,0.2276842767755151,0.0005900375619036,0.2727272727272727,0.2195121951219512,-0.0001280949999999,0.0027881951,-0.0010040253400802
AAPL,2016-11-08 00:00:00,2016,0.0019939999999999,1,1.1910279559733272,27.101251682334834,0.2276842767755151,0.0005959280687473,0.2351694915254237,0.1020408163265306,0.008680249,0.0025235969999999,-0.0005606785416603
AAPL,2016-11-09 00:00:00,2016,-0.013687,1,1.1866306923468295,27.107121513546204,0.2263517232595521,0.0005021595816371,0.2489082969432314,0.0068027210884353,0.0019253386666666,0.0016246609999999,-0.0037583597004413
AAPL,2016-11-10 00:00:00,2016,-0.029847,1,1.1862495138601203,27.105499450386343,0.2267191779878442,0.0004400742713354,0.281767955801105,0.0769230769230769,-9.556699999999556e-05,-0.0007831214999999,-0.0003206357359886
AAPL,2016-11-11 00:00:00,2016,0.0056749999999999,1,1.179317392283611,27.077235838002668,0.2332184953991227,0.0004060378942819,0.0,0.0,0.0,0.0,0.0
AAPL,2016-11-14 00:00:00,2016,-0.027473,1,1.1813238534572146,27.057750426835337,0.2378074169927967,0.0003031400476849,0.4020618556701031,0.0,0.000358077,0.0037557318333333,0.0105926226824522
AAPL,2016-11-15 00:00:00,2016,0.005335,1,1.1856853601804695,27.057750426835337,0.2378074169927967,0.0003226563235711,0.5384615384615384,-0.1428571428571428,-0.0002921813333333,-0.0013520299999999,0.0016025267541408
AAPL,2016-11-16 00:00:00,2016,0.028409,1,1.190481290764439,27.070907289190412,0.2346991101609595,0.0002669157429337,0.1171875,-0.3478260869565217,-0.000572498,0.0016263654999999,0.0039904154837131
AAPL,2016-11-17 00:00:00,2016,-0.004977,1,1.191783701931976,27.097440372862494,0.2285537077991884,0.0003152619790774,0.2191235059760956,0.0943396226415094,-0.0006275839999999,-0.0044231653333333,0.0086683090776205
AAPL,2016-11-18 00:00:00,2016,0.00236,1,1.1854987036582436,27.097076628960412,0.2286368579384599,0.0002935122886438,0.2674094707520891,0.1038961038961039,0.0002455494166666,0.0018595766666666,0.0007961317896842
AAPL,2016-11-21 00:00:00,2016,0.007395,1,1.196010376922735,27.11313621631981,0.224994371048941,0.0002714452254556,0.2061068702290076,0.0,0.000749966,0.0027730523333333,0.007076708599925
AAPL,2016-11-22 00:00:00,2016,-0.002413,1,1.2029639184721528,27.11313621631981,0.224994371048941,0.0004442992644567,0.2,-1.0,-8.366266666666144e-05,-0.0007404206428571,-0.0038382709026336
AAPL,2016-11-23 00:00:00,2016,-0.006043,1,1.2006317727410225,27.11376252773309,0.2248534986260369,0.000227929686065,0.3787878787878788,-0.125,-0.0009298049999999,-0.0013289078333333,0.0117778480052948
AAPL,2016-11-25 00:00:00,2016,0.001395,1,1.1923239575396267,27.11367305918745,0.224873616841501,0.0002303395359164,0.0,0.0,0.0,0.0,0.0
AAPL,2016-11-28 00:00:00,2016,0.003973,1,1.1943915687244917,27.111703133585316,0.2253170377462637,0.0003143092415064,0.3067729083665338,0.2,0.0013560069999999,-0.0004216946333333,-0.0099610164761543
AAPL,2016-11-29 00:00:00,2016,-0.0019459999999999,1,1.192876318400664,27.111703133585316,0.2253170377462637,0.000314833857256,0.3333333333333333,0.2207792207792207,-0.0010509939999999,0.0036800264166666,0.0109296888113021
AAPL,2016-11-30 00:00:00,2016,-0.006873,1,1.186784238097051,27.110716713642947,0.225539404621181,0.0002862117930577,-0.0344827586206896,0.0,0.0003142730833333,0.0135335023333333,0.0099345184862613
AAPL,2016-12-01 00:00:00,2016,-0.005106,1,1.1841161563471612,27.102247409396735,0.2274576782134425,0.0002828565924253,0.0,0.0,0.0,0.0,0.0
AAPL,2016-12-02 00:00:00,2016,0.003046,1,1.1792152896876085,27.09288414109011,0.2295974273729324,0.0003072366546435,0.0,0.0,0.0,0.0,0.0
AAPL,2016-12-05 00:00:00,2016,-0.0144929999999999,1,1.1896615525007628,27.08940749297643,0.230397046026635,0.0003108862056322,0.0909090909090909,-0.8666666666666667,-1.6214999999997967e-05,0.0004731169999999,0.0044980887323617
AAPL,2016-12-06 00:00:00,2016,0.002937,1,1.1928029446133412,27.08940749297643,0.230397046026635,0.0003694965891667,0.2098765432098765,-0.0909090909090909,-3.049424999999648e-05,0.0017216258333333,0.0036431215703487
AAPL,2016-12-07 00:00:00,2016,-0.0025769999999999,1,1.1939088022402289,27.097076628960412,0.2286368579384599,0.0003505888595987,0.3118279569892473,-0.1515151515151515,-0.0006875703333333,-0.0013314619999999,-0.0078311832621693
AAPL,2016-12-08 00:00:00,2016,0.0060699999999999,1,1.190331887869298,27.10685136378733,0.2264128803834302,0.0002763437515536,0.0,0.0,0.0,0.0,0.0
AAPL,2016-12-09 00:00:00,2016,0.012409,1,1.1854761914763818,27.116620690508906,0.2242117482766089,0.0003213256214531,0.381294964028777,0.0181818181818181,0.0009331533333333,0.0018867826666666,0.0075426269322633
AAPL,2016-12-12 00:00:00,2016,-0.003251,1,1.191973001022258,27.127090134684668,0.2218766209662456,0.0003101357036955,0.1320754716981132,-0.0833333333333333,-0.0009051079999999,0.0178713214999998,0.0047603752464056
AAPL,2016-12-13 00:00:00,2016,0.010912,1,1.1905932187401602,27.127090134684668,0.2218766209662456,0.000251902185758,0.3939393939393939,0.25,-0.0005920259999999,-0.0011542093999999,-0.0037487652152776
AAPL,2016-12-14 00:00:00,2016,0.009623,1,1.1906483771676568,27.143633899848528,0.2182361428924929,0.0003387660898963,0.3076923076923077,-0.3333333333333333,-0.0003489874999999,-0.0065017341499999,-0.0018033329397439
AAPL,2016-12-15 00:00:00,2016,0.001878,1,1.1921483547571194,27.143633899848528,0.2182361428924929,0.0004500146797005,0.0,0.0,0.0,0.0,0.0
AAPL,2016-12-16 00:00:00,2016,0.002454,1,1.1861639575546297,27.149088198878243,0.2170490580109433,0.0005510663309112,0.4492753623188406,0.125,0.00106223,-0.0005143221666666,-0.011958360671997
AAPL,2016-12-19 00:00:00,2016,0.003684,1,1.1948893577702584,27.156143202743078,0.2155231649874335,0.0005558413364251,0.2908067542213883,-0.0097087378640776,-0.0027739356190476,0.0021189195,0.0051496066153049
AAPL,2016-12-20 00:00:00,2016,-0.0016539999999999,1,1.195756582931272,27.156143202743078,0.2155231649874335,0.0005344349487365,0.4029850746268656,0.0,0.000195329,0.0002462565,-0.0063214283436536
AAPL,2016-12-21 00:00:00,2016,0.0034389999999999,1,1.199439302419044,27.158797406651146,0.2149518810480584,0.0005111757620494,0.2615384615384615,-0.6,-0.0015120866666666,0.0001740596666666,-0.0066570909693837
AAPL,2016-12-22 00:00:00,2016,-0.0038419999999999,1,1.2015197924427916,27.159737542722564,0.2147498919945419,0.0004805440095827,0.2954545454545454,0.3684210526315789,0.0007738943333333,-0.0026190105999999,-0.015177764929831
AAPL,2016-12-23 00:00:00,2016,0.000133,1,1.1967425179279612,27.15313801889326,0.2161718259065967,0.0004773664849888,0.4859437751004016,0.15,0.00060186925,-0.0038365521666666,0.0039801020175218
AAPL,2016-12-27 00:00:00,2016,0.00383,1,1.1904369477185603,27.161444649469477,0.2143836037405471,0.00085378684782,0.1111111111111111,-0.3333333333333333,-0.0004285282499999,0.0016731309999999,0.0065598357468843
AAPL,2016-12-28 00:00:00,2016,0.0037229999999999,1,1.1892556562227312,27.161444649469477,0.2143836037405471,0.0008249808985923,0.1504424778761062,0.037037037037037,-0.0009618064999999,0.0030033037666666,0.0029880050569772
AAPL,2016-12-29 00:00:00,2016,-0.0008439999999999,1,1.186187275015551,27.157171503997336,0.2153016561549793,0.0007812232295463,0.3278008298755187,0.1363636363636363,-0.0002902439999999,0.0008808505,0.0045850798487663
AAPL,2016-12-30 00:00:00,2016,-0.003752,1,1.1969424709803462,27.15691454413819,0.2153569871468366,0.0008641986842056,0.3333333333333333,0.1111111111111111,-0.0017328272499999,5.2982666666667605e-05,0.0008125193417072
